School district,Reopening Instructional Model,First Day of School,District Plan,,
Abington Heights SD,Remote,9/9/2020,https://www.ahsd.org/abington-heights-return-to-school-announcements-84280d57,,
Abington SD,Remote,9/8/2020,https://www.abington.k12.pa.us/coronavirus-resource-center/,,
Albert Gallatin Area SD,Remote,9/8/2020,http://www.agasd.org/schoolnewsfor2020.aspx,,
Aliquippa SD,Blended,8/31/2020,http://www.quipsd.org/,,
Allegheny Valley SD,Remote,8/24/2020,https://www.avsdweb.org/announcements/re-opening-of-schools-information,,
Allegheny-Clarion Valley SD,In-Person,8/31/2020,https://www.acvsd.org/site/default.aspx?PageType=14&DomainID=4&ModuleInstanceID=73&PageID=1&ViewID=C83D46AC-74FE-4857-8C9A-5922A80225E2&IsMoreExpandedView=True&GroupByField=&GroupYear=0&GroupMonth=0&Tag=,,
Allentown City SD,Remote,9/8/2020,https://www.allentownsd.org/,,
Altoona Area SD,Blended,9/8/2020,https://www.aasdcat.com/apps/pages/index.jsp?uREC_ID=1688369&type=d&pREC_ID=1865271,,
Ambridge Area SD,Blended,8/31/2020,https://www.ambridge.k12.pa.us/?page_id=4190,,
Annville-Cleona SD,Blended,8/31/2020,https://www.acschools.org/domain/592,,
Antietam SD,Remote,8/26/2020,https://www.antietamsd.org/Page/1144,,
Apollo-Ridge SD,Remote,9/8/2020,https://www.apolloridge.com/,,
Armstrong SD,In-Person,9/8/2020,https://www.asd.k12.pa.us/apps/pages/index.jsp?uREC_ID=417168&type=d&pREC_ID=1977876&tota11y=true,,
Athens Area SD,In-Person,8/27/2020,http://www.athensasd.k12.pa.us/SchoolSafety.aspx,,
Austin Area SD,In-Person,8/26/2020,https://www.austinsd.net/,,
Avella Area SD,In-Person,8/26/2020,https://www.avellasd.org/Content2/192,,
Avon Grove SD,Remote,8/31/2020,https://www.avongrove.org/district/administration/director-of-pupil-services/return-to-school,,
Avonworth SD,Blended,9/1/2020,http://www.avonworth.k12.pa.us/protected/ArticleView.aspx?iid=5IAIGB&dasi=3222,,
Bald Eagle Area SD,In-Person,8/25/2020,https://www.beasd.org/,,
Baldwin-Whitehall SD,Blended,9/3/2020,https://www.bwschools.net/our-district/backtobetter,,
Bangor Area SD,Blended,9/2/2020,https://bangorsd-my.sharepoint.com/personal/curranti_bangorsd_org/_layouts/15/onedrive.aspx?id=%2Fpersonal%2Fcurranti%5Fbangorsd%5Forg%2FDocuments%2FWebsite%2FDistrict%2F2020%2D2021Re%2DEntryPlan8%2D11%2D20%2D2FINAL%2Epdf&parent=%2Fpersonal%2Fcurranti%5Fbangorsd%5Forg%2FDocuments%2FWebsite%2FDistrict&originalPath=aHR0cHM6Ly9iYW5nb3JzZC1teS5zaGFyZXBvaW50LmNvbS86YjovZy9wZXJzb25hbC9jdXJyYW50aV9iYW5nb3JzZF9vcmcvRVRWbER2bXdNMWhHdjJqalRCdW94QTBCSGpEbVVXNXlPSmprWG55UmVwYUlPZz9ydGltZT10T3BoZ3RZXzJFZw,,
Beaver Area SD,Blended,8/31/2020,https://www.basd.k12.pa.us/,,
Bedford Area SD,Blended,8/20/2020,https://www.bedfordasd.org/,,
Belle Vernon Area SD,Blended,8/31/2020,https://www.bellevernonarea.net/crisismanagement,,
Bellefonte Area SD,In-Person,8/25/2020,https://www.basd.net/,,
Bellwood-Antis SD,In-Person,8/31/2020,http://www.blwd.k12.pa.us/,,
Bensalem Township SD,Remote,9/8/2020,https://www.bensalemsd.org/apps/news/article/1248271,,
Benton Area SD,In-Person,8/27/2020,https://www.bentonsd.org/cms/One.aspx?portalId=424373&pageId=13405577,,
Bentworth SD,In-Person,8/24/2020,https://www.bentworth.org/apps/pages/index.jsp?uREC_ID=1731450&type=d&pREC_ID=1979170,,
Berlin Brothersvalley SD,In-Person,9/1/2020,https://www.bbsd.com/,,
Bermudian Springs SD,Blended,8/24/2020,https://www.bermudian.org/covid-19,,
Berwick Area SD,Blended,8/20/2020,https://www.berwicksd.org/Domain/585,,
Bethel Park SD,Remote,9/1/2020,https://www.bpsd.org/protected/ArticleView.aspx?iid=6Y3PABB&dasi=2I0,,
Bethlehem Area SD,Blended,8/31/2020,https://www.basdschools.org/reopening,,
Bethlehem-Center SD,Blended,9/9/2020,https://drive.google.com/file/d/1JlI6YT_h4MAYndY4ewmrzqRiPl6vC_rW/view,,
Big Beaver Falls Area SD,Blended,8/31/2020,https://www.tigerweb.org/Page/5848,,
Big Spring SD,Blended,9/8/2020,https://www.bigspringsd.org/domain/691,,
Blackhawk SD,In-Person,9/8/2020,http://www.bsd.k12.pa.us/,,
Blacklick Valley SD,Blended,9/8/2020,https://drive.google.com/file/d/1G8dlhjVDQWO4SZVpD6iUeFiImlXezSYu/view,,
Blairsville-Saltsburg SD,Blended,9/8/2020,https://www.b-ssd.org/home/reopening,,
Bloomsburg Area SD,In-Person,8/24/2020,https://www.bloomsd.org/Domain/804,,
Blue Mountain SD,In-Person,9/8/2020,https://www.bmsd.org/schoolreopening,,
Blue Ridge SD,Blended,8/31/2020,https://www.brsd.org/files/user/1/file/BRSD Phased School Reopening Health and Safety Plan Template Final.pdf,,
Boyertown Area SD,Blended,8/31/2020,https://www.boyertownasd.org/domain/1773,,
Bradford Area SD,In-Person,8/24/2020,https://www.bradfordareaschools.org/cms/One.aspx?portalId=401528&pageId=29497837,,
Brandywine Heights Area SD,Blended,8/31/2020,https://sites.google.com/bhasd.org/bhasd2020reopeningplan/introduction,,
Brentwood Borough SD,Blended,8/31/2020,https://www.bb-sd.com/protected/ArticleView.aspx?iid=5IAP02&dasi=3UGY,,
Bristol Borough SD,Remote,9/9/2020,https://www.bbsd.org/news.asp?id=332,,
Bristol Township SD,Remote,9/8/2020,https://bristoltwpsd.org/,,
Brockway Area SD,In-Person,8/27/2020,http://www.brockway.k12.pa.us/documents/8_18_20_Update.pdf,,
Brookville Area SD,In-Person,8/26/2020,http://www.basd.us/2020-2021-reopening-information-9d99c5f4,,
Brownsville Area SD,Blended,9/8/2020,https://b7bdfd85-5054-49ab-900c-3cf8bb20e92c.filesusr.com/ugd/c81c3a_68793b3be0af4200bc1ddc84c0232de4.pdf,,
Bryn Athyn SD,N/A,,,,
Burgettstown Area SD,In-Person,8/31/2020,https://www.burgettstown.k12.pa.us/site/handlers/filedownload.ashx?moduleinstanceid=10374&dataid=18873&FileName=BASD%20Health%20and%20Safety%20Plan%20v2.0.pdf,,
Burrell SD,In-Person,9/8/2020,https://www.burrell.k12.pa.us/userfiles/2/my files/8-4-2020 pde template - school health and safety plan - 2020-2021.pdf?id=3818,,
Butler Area SD,In-Person,9/1/2020,https://www.basdk12.org/Content2/reopening-plans,,
California Area SD,Blended,8/26/2020,https://www.calsd.org/apps/pages/index.jsp?uREC_ID=1842789&type=d&pREC_ID=1971499,,
Cambria Heights SD,Blended,9/8/2020,https://www.chsd1.org/,,
Cameron County SD,In-Person,8/26/2020,https://drive.google.com/file/d/1okzZK3Zt1sKR9pNONuwPlAmwKay7EKwK/view?fbclid=IwAR2JMRWsxv7QsTVkpHtT8f9qt6Thw1uvUls9Ow9jCW9eauvSHO3L15n_8BA,,
Camp Hill SD,Blended,9/8/2020,https://www.camphillsd.k12.pa.us/site/default.aspx?PageType=3&DomainID=8&ModuleInstanceID=3668&ViewID=6446EE88-D30C-497E-9316-3F8874B3E108&RenderLoc=0&FlexDataID=24963&PageID=9,,
Canon-McMillan SD,Blended,8/24/2020,https://docs.google.com/document/d/1NGoYBjqCuIG4PG6a9MYe0fV4NpeUBL6e9QX169eFXD4/edit,,
Canton Area SD,In-Person,8/31/2020,https://www.canton.k12.pa.us/2020-21-re-opening-of-casd/,,
Carbondale Area SD,Remote,9/1/2020,http://www.carbondalearea.org/casd-phased-school-reopening-health-and-safety-plan-2020-2021/,,
Carlisle Area SD,Blended,9/8/2020,https://www.carlisleschools.org/cms/One.aspx?portalId=95563&pageId=32203987&portletInstanceId=258443&portletAction=restore,,
Carlynton SD,Remote,8/25/2020,https://www.carlynton.k12.pa.us/our_district/news/what_s_new/district_health_and_safety_plan,,
Carmichaels Area SD,Blended,8/26/2020,https://www.carmarea.org/apps/news/,,
Catasauqua Area SD,In-Person,8/31/2020,https://www.cattysd.org/Domain/683,,
Centennial SD,Remote,9/1/2020,https://www.centennialsd.org/domain/1313,,
Central Bucks SD,Remote,9/8/2020,https://www.cbsd.org/2020-21,,
Central Cambria SD,Blended,9/8/2020,https://www.cencam.org/apps/news/,,
Central Columbia SD,In-Person,8/27/2020,https://www.centralcolumbia.k12.pa.us/,,
Central Dauphin SD,Blended,8/24/2020,https://www.cdschools.org/Page/23646,,
Central Fulton SD,In-Person,8/19/2020,https://www.cfsd.info/News/87,,
Central Greene SD,Blended,8/27/2020,https://www.cgsd.org/,,
Central Valley SD,In-Person,8/31/2020,http://www.centralvalleysd.org/COVID19.aspx,,
Central York SD,In-Person,8/21/2020,https://youtu.be/w9aF-1GXr40,,
Chambersburg Area SD,Remote,8/24/2020,https://www.casdonline.org/Page/18021,,
Charleroi SD,Blended,9/8/2020,https://www.charleroisd.org/,,
Chartiers Valley SD,Blended,8/24/2020,https://www.cvsd.net/reopening-and-planning/reopening-and-planning-clone,,
Chartiers-Houston SD,Blended,8/27/2020,https://www.chbucs.k12.pa.us/Page/1,,
Cheltenham Township SD,Remote,8/31/2020,https://sites.google.com/cheltenham.org/csdroad2reopening/csd-road2reopening,,
Chester-Upland SD,Remote,9/1/2020,https://www.chesteruplandsd.org/News/2109,,
Chestnut Ridge SD,Blended,8/20/2020,https://www.crlions.org/apps/pages/index.jsp?uREC_ID=1808891&type=d&pREC_ID=1974266,,
Chichester SD,Remote,9/8/2020,https://www.chichestersd.org/apps/news/show_news.jsp?REC_ID=654194&id=0,,
Clairton City SD,Blended,8/31/2020,https://www.ccsdbears.org/News/covid-19-reopening-plan,,
Clarion Area SD,In-Person,8/26/2020,https://www.clarion-schools.com/,,
Clarion-Limestone Area SD,In-Person,8/26/2020,https://www.clasd.net/,,
Claysburg-Kimmel SD,Blended,8/26/2020,https://www.smore.com/9n81w,,
Clearfield Area SD,Blended,8/26/2020,https://www.clearfield.org/o/district/browse/112084,,
Coatesville Area SD,Remote,8/31/2020,https://www.casdschools.org/site/Default.aspx?PageID=7305,,
Cocalico SD,Blended,8/24/2020,https://www.cocalico.org/district/c_o_v_i_d-19___coronavirus__information,,
Colonial SD,Remote,8/31/2020,https://www.colonialsd.org/news/item/~post/colonial-to-begin-school-year-with-virtual-learning-20200810,,
Columbia Borough SD,Blended,8/31/2020,https://www.columbiabsd.org/o/cbsd/page/reopening-plan-2020-21--2,,
Commodore Perry SD,In-Person,9/8/2020,http://cppanthers.org/,,
Conemaugh Township Area SD,In-Person,8/26/2020,https://tb2cdn.schoolwebmasters.com/accnt_396870/site_396871/Documents/CTASD-Health-and-Safety-Plan.pdf,,
Conemaugh Valley SD,Blended,8/31/2020,https://www.cvk12.org/,,
Conestoga Valley SD,Blended,8/24/2020,https://www.conestogavalley.org/Page/4350,,
Conewago Valley SD,Blended,8/25/2020,https://www.conewago.k12.pa.us/,,
Conneaut SD,In-Person,9/2/2020,https://www.conneautsd.org/News/1131,,
Connellsville Area SD,Blended,9/8/2020,https://4.files.edl.io/86e3/08/05/20/230313-4dd386c2-cf34-4322-9d78-324609a53395.pdf,,
Conrad Weiser Area SD,In-Person,9/8/2020,https://www.conradweiser.org/,,
Cornell SD,Blended,9/2/2020,https://www.cornellsd.org/apps/news/article/1278526,,
Cornwall-Lebanon SD,Blended,8/31/2020,https://www.clsd.k12.pa.us/blog/2020/08/18/superintendents-remarks-2/,,
Corry Area SD,In-Person,8/26/2020,https://sites.google.com/a/corrysd.net/casd/,,
Coudersport Area SD,In-Person,8/31/2020,https://www.coudyschools.net/our-district/reopening-plan,,
Council Rock SD,Remote,9/8/2020,https://www.crsd.org/domain/4107,,
Cranberry Area SD,In-Person,9/1/2020,https://drive.google.com/file/d/1U-W8ytiIk8ZdiaLRu4sl0ZFHPOs7hv3l/view,,
Crawford Central SD,In-Person,9/2/2020,https://www.craw.org/updates/index,,
Crestwood SD,Remote,9/8/2020,https://csdcomets.org/,,
Cumberland Valley SD,Blended,8/31/2020,http://www.cvschools.org/about_us/back_to_school_blueprint_-_2020-21,,
Curwensville Area SD,In-Person,8/27/2020,https://drive.google.com/file/d/1_JYyLLe_FK0HVjzBL0QoHD_ImoXIcjvz/view,,
Dallas SD,Blended,8/26/2020,https://www.dsdhs.com/reopening-plan,,
Dallastown Area SD,In-Person,9/8/2020,https://sites.google.com/dallastown.net/dasdcovid19/home,,
Daniel Boone Area SD,Blended,8/31/2020,https://www.dboone.org/Page/414,,
Danville Area SD,In-Person,9/3/2020,https://www.danville.k12.pa.us/domain/2700,,
Deer Lakes SD,Blended,8/31/2020,http://www.deerlakes.net/protected/ArticleView.aspx?iid=6Y3A0B0&dasi=3I00,,
Delaware Valley SD,In-Person,8/31/2020,https://www.dvsd.org/site/default.aspx?PageType=3&DomainID=1&ModuleInstanceID=1496&ViewID=6446EE88-D30C-497E-9316-3F8874B3E108&RenderLoc=0&FlexDataID=17754&PageID=1,,
Derry Area SD,Blended,8/31/2020,https://drive.google.com/file/d/1W2I3c38t8UQZSS44_Sewd4xQN1za79df/view,,
Derry Township SD,In-Person,8/31/2020,https://www.hershey.k12.pa.us/site/default.aspx?PageType=3&DomainID=1&ModuleInstanceID=5700&ViewID=6446EE88-D30C-497E-9316-3F8874B3E108&RenderLoc=0&FlexDataID=18317&PageID=1,,
Donegal SD,In-Person,8/25/2020,http://www.donegalsd.org/office-of-the-superintendent-2fe8faa0/donegal-school-district-re-opening-schools-information-4ae74870,,
Dover Area SD,In-Person,9/8/2020,https://www.doversd.org/downloads/fall_2020_covid-19/8-20-20_dasd_board_approved__health_safety_plan.pdf,,
Downingtown Area SD,Remote,8/31/2020,https://www.dasd.org/Page/9362,,
Dubois Area SD,Blended,8/24/2020,https://drive.google.com/file/d/1N024MQ460O_SvJ3T4POJc-ho_pokcmPV/view,,
Dunmore SD,Blended,8/24/2020,https://www.dunmoreschooldistrict.net/news/what_s_new/third_one____,,
Duquesne City SD,Remote,8/19/2020,https://www.dukecitysd.org/Page/178,,
East Allegheny SD,Remote,8/31/2020,https://www.eawildcats.net/site/default.aspx?PageType=14&DomainID=4&ModuleInstanceID=16&PageID=1&ViewID=C83D46AC-74FE-4857-8C9A-5922A80225E2&IsMoreExpandedView=True&GroupByField=&GroupYear=0&GroupMonth=0&Tag=,,
East Lycoming SD,In-Person,8/26/2020,https://www.elsd.org/live_feed,,
East Penn SD,Blended,8/31/2020,https://www.eastpennsd.org/fall-planning-guide/,,
East Pennsboro Area SD,Remote,8/24/2020,https://www.epasd.org/epasd-2020-21-reentry-plan/,,
East Stroudsburg Area SD,Blended,8/31/2020,https://www.esasd.net/,,
Eastern Lancaster County SD,In-Person,8/31/2020,https://www.elanco.org/apps/pages/index.jsp?uREC_ID=1212614&type=d&pREC_ID=1980209,,
Eastern Lebanon County SD,Blended,8/31/2020,https://www.elcosd.org/domain/518,,
Eastern York SD,Blended,9/8/2020,https://drive.google.com/file/d/1EK2Sc9JDC1VzD833ZPWNbWiOpH9Wv1g6/view,,
Easton Area SD,Blended,9/8/2020,https://www.eastonsd.org/apps/news/show_news.jsp?REC_ID=652846&id=0,,
Elizabeth Forward SD,Blended,8/31/2020,https://www.efsd.net/site/default.aspx?PageType=3&DomainID=4&ModuleInstanceID=5656&ViewID=6446EE88-D30C-497E-9316-3F8874B3E108&RenderLoc=0&FlexDataID=4789&PageID=1,,
Elizabethtown Area SD,Blended,8/31/2020,https://www.etownschools.org/site/Default.aspx?PageID=12026,,
Elk Lake SD,Blended,8/27/2020,https://drive.google.com/file/d/1mSFXuOzF9-o-vOFTTPAktGeefHDajDt8/view,,
Ellwood City Area SD,In-Person,9/8/2020,https://www.ellwood.k12.pa.us/apps/pages/index.jsp?uREC_ID=1447047&type=d&pREC_ID=1957052,,
Ephrata Area SD,In-Person,8/31/2020,https://easdpa.org/planning-for-the-2020-2021-school-year/,,
Erie City SD,Remote,9/8/2020,https://www.eriesd.org/site/Default.aspx?PageID=19822,,
Everett Area SD,Blended,8/20/2020,https://www.everettasd.org/2020-2021-school-year-plans,,
Exeter Township SD,In-Person,8/24/2020,https://www.exeter.k12.pa.us/domain/1044,,
Fairfield Area SD,Blended,9/8/2020,https://www.fairfieldpaschools.org/Page/2556,,
Fairview SD,In-Person,9/1/2020,http://www.fairviewschools.org/,,
Fannett-Metal SD,In-Person,8/24/2020,https://fmtigers.org/news/,,
Farrell Area SD,In-Person,8/24/2020,http://www.farrellareaschools.com/protected/ArticleArchive.aspx?dasi=&n=&vs=1G&sd=&ed=&p=5GIU22&a=&q=&cp=1Z&,,
Ferndale Area SD,In-Person,8/31/2020,https://www.fasdk12.org/apps/pages/ReturnToSchool,,
Fleetwood Area SD,Blended,8/31/2020,https://www.fleetwoodasd.k12.pa.us/Content2/474,,
Forbes Road SD,In-Person,9/8/2020,http://www.frsd.info/,,
Forest Area SD,In-Person,9/1/2020,http://www.forestareaschools.org/closure/,,
Forest City Regional SD,Blended,9/14/2020,https://www.fcrsd.org/,,
Forest Hills SD,Blended,8/26/2020,https://www.fhrangers.org/,,
Fort Cherry SD,In-Person,8/31/2020,https://www.fortcherry.org/site/default.aspx?PageType=3&DomainID=1&ModuleInstanceID=4098&ViewID=6446EE88-D30C-497E-9316-3F8874B3E108&RenderLoc=0&FlexDataID=8053&PageID=1,,
Fort LeBoeuf SD,In-Person,9/9/2020,https://www.fortleboeuf.net/apps/pages/index.jsp?uREC_ID=442912&type=d,,
Fox Chapel Area SD,Blended,8/24/2020,https://www.fcasd.edu/Page/481,,
Franklin Area SD,In-Person,9/1/2020,https://sites.google.com/students.fasd.k12.pa.us/franklin-area-school-district/home?authuser=0,,
Franklin Regional SD,Blended,9/8/2020,https://drive.google.com/file/d/1dq7lhpmd4JIgnLveVcdD92OhinjgT--F/view,,
Frazier SD,Blended,8/31/2020,https://www.frazierschooldistrict.org/returntoschool,,
Freedom Area SD,Remote,8/27/2020,https://www.freedomareaschools.org/,,
Freeport Area SD,In-Person,9/8/2020,https://www.freeport.k12.pa.us/Content2/816,,
Galeton Area SD,In-Person,8/26/2020,https://www.gasd.net/,,
Garnet Valley SD,Remote,9/1/2020,https://sites.google.com/garnetvalley.org/gvsd-opening-of-school/home,,
Gateway SD,Blended,9/8/2020,https://www.gatewayk12.org/apps/pages/index.jsp?uREC_ID=1690934&type=d&pREC_ID=1968824,,
General McLane SD,Blended,8/25/2020,https://www.generalmclane.net/,,
Gettysburg Area SD,Blended,8/31/2020,https://www.gettysburg.k12.pa.us/reopen,,
Girard SD,In-Person,9/8/2020,https://girardsd.org/apps/news/,,
Glendale SD,In-Person,8/26/2020,https://www.gsd1.org/apps/news/,,
Governor Mifflin SD,Blended,8/31/2020,https://sites.google.com/gostangs.org/returntoschool/home,,
Great Valley SD,Remote,8/31/2020,https://www.gvsd.org/covid-19,,
Greater Johnstown SD,In-Person,8/27/2020,https://www.gjsd.net/,,
Greater Latrobe SD,Blended,8/31/2020,https://4.files.edl.io/ef7b/08/19/20/175845-af83b68a-ac97-41d0-81c7-4986d26ef774.pdf,,
Greater Nanticoke Area SD,Blended,8/31/2020,http://gnasd.com/,,
Greencastle-Antrim SD,Blended,8/24/2020,https://www.gcasd.org/,,
Greensburg Salem SD,Blended,9/8/2020,https://www.greensburgsalem.org/apps/pages/index.jsp?uREC_ID=1240188&type=d&pREC_ID=2032153,,
Greenville Area SD,Blended,8/26/2020,http://www.greenville.k12.pa.us/,,
Greenwood SD,In-Person,8/26/2020,https://www.greenwoodsd.org/,,
Grove City Area SD,In-Person,8/31/2020,https://www.grovecity.k12.pa.us/gc,,
Halifax Area SD,In-Person,8/25/2020,https://www.hasd.us/site/default.aspx?PageType=3&DomainID=1&ModuleInstanceID=541&ViewID=6446EE88-D30C-497E-9316-3F8874B3E108&RenderLoc=0&FlexDataID=5486&PageID=1,,
Hamburg Area SD,In-Person,8/27/2020,https://www.hasdhawks.org/,,
Hampton Township SD,Blended,8/27/2020,https://www.ht-sd.org/page.cfm?p=6510,,
Hanover Area SD,Blended,8/31/2020,http://www.hanoverarea.org/pdf/SchoolReopeningPlan8-4-2020.pdf,,
Hanover Public SD,Blended,8/21/2020,https://docs.google.com/document/d/1o-Gzgv8tFxI_zfBowaRGYaF81myp3mvz6xmTcECU12M/edit,,
Harbor Creek SD,Blended,8/24/2020,https://www.hcsd.iu5.org/apps/pages/index.jsp?uREC_ID=440053&type=d,,
Harmony Area SD,Blended,9/8/2020,http://harmonyowls.com/,,
Harrisburg City SD,Remote,8/31/2020,http://www.hbgsd.k12.pa.us/,,
Hatboro-Horsham SD,Blended,9/8/2020,https://www.hatboro-horsham.org/Page/1600,,
Haverford Township SD,Remote,8/31/2020,https://www.haverford.k12.pa.us/haverford-opening-2020-21,,
Hazleton Area SD,Blended,9/8/2020,https://www.hasdk12.org/cms/lib/PA01001366/Centricity/Domain/1769/2020-2021 Reopening Presentation.pdf,,
Hempfield Area SD,Blended,8/27/2020,https://www.hasdpa.net/apps/pages/index.jsp?uREC_ID=1189925&type=d&pREC_ID=2033355,,
Hempfield SD,In-Person,8/25/2020,http://hempfieldsd.org/Page/822,,
Hermitage SD,In-Person,8/25/2020,https://www.hermitage.k12.pa.us/,,
Highlands SD,Blended,8/27/2020,https://www.goldenrams.com/site/Default.aspx?PageID=5652,,
Hollidaysburg Area SD,In-Person,8/26/2020,https://sites.google.com/hasdtigers.com/coronavirus-resource-site,,
Homer-Center SD,In-Person,8/31/2020,https://4.files.edl.io/2d8a/08/24/20/003114-950d0479-f113-43d4-82f3-19c815a66c78.pdf,,
Hopewell Area SD,Blended,9/8/2020,http://www.hopewellarea.org/,,
Huntingdon Area SD,In-Person,8/27/2020,https://sites.google.com/huntsd.org/hasd-covid-19-information/home,,
Indiana Area SD,Blended,9/8/2020,https://www.iasd.cc/apps/news/article/1279299,,
Interboro SD,Remote,9/17/2020,https://www.interborosd.org/site/default.aspx?PageType=3&DomainID=4&ModuleInstanceID=44&ViewID=6446EE88-D30C-497E-9316-3F8874B3E108&RenderLoc=0&FlexDataID=10866&PageID=1,,
Iroquois SD,In-Person,9/8/2020,https://ies.iroquoissd.org/o/iroquois-school-district/page/covid-19-district-info,,
Jamestown Area SD,Remote,8/26/2020,http://www.jamestown.k12.pa.us/,,
Jeannette City SD,In-Person,8/27/2020,https://4.files.edl.io/5406/07/14/20/161635-72199a40-1411-4a3b-a429-76130be1e624.pdf,,
Jefferson-Morgan SD,Blended,8/26/2020,https://www.jmsd.org/apps/pages/index.jsp?uREC_ID=382021&type=d&pREC_ID=1961735&tota11y=true,,
Jenkintown SD,Blended,9/8/2020,https://www.jenkintowndrakes.org/latest-reopening-schools-information/,,
Jersey Shore Area SD,In-Person,8/27/2020,https://www.jsasd.org/health-and-safety-plan/,,
Jim Thorpe Area SD,Blended,9/8/2020,https://www.jimthorpesd.org/cms/One.aspx?portalId=322417&pageId=13266027,,
Johnsonburg Area SD,Blended,9/8/2020,https://www.johnsonburgareaschooldistrict.net/,,
Juniata County SD,In-Person,9/8/2020,https://www.jcsdk12.org/o/jcsd/live_feed,,
Juniata Valley SD,Blended,8/26/2020,https://www.jvhornets.com/Content2/30,,
Kane Area SD,In-Person,8/25/2020,https://www.kane.new.rschooltoday.com/page/hot_news/view/219,,
Karns City Area SD,In-Person,9/2/2020,https://www.kcasdk12.org/,,
Kennett Consolidated SD,Remote,9/8/2020,https://www.kcsd.org/,,
Keystone Central SD,In-Person,9/1/2020,https://www.kcsd.k12.pa.us/reopening-of-schools-information-f327f547,,
Keystone Oaks SD,Blended,9/8/2020,https://www.kosd.org/2020-2021SchoolReopeningPlanCOVID-19Resources.aspx,,
Keystone SD,In-Person,8/26/2020,http://www.keyknox.com/highschool/Corona 19.html,,
Kiski Area SD,Blended,9/14/2020,https://4.files.edl.io/7bdd/08/18/20/185511-28db1533-1ec3-492a-b398-0437038c9a85.pdf,,
Kutztown Area SD,Blended,8/31/2020,https://www.kasd.org/Page/3246,,
Lackawanna Trail SD,In-Person,9/10/2020,https://www.ltsd.org/cms/lib/PA02203626/Centricity/Domain/4/20200811101639726.pdf,,
Lake-Lehman SD,In-Person,9/8/2020,https://www.llsd.org/Returning-to-School-FAQs,,
Lakeland SD,Remote,8/31/2020,https://www.lakelandsd.org/apps/pages/index.jsp?uREC_ID=1820990&type=d&pREC_ID=2027772,,
Lakeview SD,In-Person,8/26/2020,https://www.lakeview.k12.pa.us/covid19,,
Lampeter-Strasburg SD,Blended,8/26/2020,https://www.l-spioneers.org/Coronavirus-Updates/,,
Lancaster SD,Remote,8/31/2020,https://sdlancaster.org/back-to-school-plan/,,
Laurel Highlands SD,Blended,8/31/2020,https://5c9c09cf-cacb-4db9-b065-c1860de1e4a2.filesusr.com/ugd/71f580_e2770a1035ab4415b21e74a1fa5b0b4a.pdf,,
Laurel SD,In-Person,8/31/2020,https://www.laurelspartans.com/back-to-school,,
Lebanon SD,Blended,8/31/2020,https://www.lebanon.k12.pa.us/school-opening/,,
Leechburg Area SD,Remote,8/26/2020,https://4.files.edl.io/f5ce/08/13/20/161445-f3f1871e-fc1d-45d0-9f7b-e83440d95e54.pdf,,
Lehighton Area SD,Blended,9/8/2020,https://www.lehighton.org/,,
Lewisburg Area SD,In-Person,8/24/2020,https://www.lasd.us/school-reopening-and-covid-19-response-information/,,
Ligonier Valley SD,Blended,8/31/2020,https://www.lvsd.k12.pa.us/apps/pages/index.jsp?uREC_ID=1399136&type=d&pREC_ID=1965124,,
Line Mountain SD,In-Person,8/24/2020,https://www.linemountain.com/,,
Littlestown Area SD,Blended,8/19/2020,https://www.lasd.k12.pa.us/updates/2020-2021-sy,,
Lower Dauphin SD,Blended,8/31/2020,https://www.ldsd.org/site/Default.aspx?PageID=15666,,
Lower Merion SD,Remote,9/8/2020,https://www.lmsd.org/departments/health/coronavirus-response,,
Lower Moreland Township SD,Blended,8/31/2020,https://sites.google.com/lmtsd.org/schoolre-openingsite/home,,
Loyalsock Township SD,In-Person,8/31/2020,https://www.ltsd.k12.pa.us/school-reopening-health-and-safety-plan-information/,,
Mahanoy Area SD,In-Person,8/27/2020,https://www.mabears.net/apps/news/,,
Manheim Central SD,Blended,8/31/2020,https://www.manheimcentral.org/site/Default.aspx?PageID=1102,,
Manheim Township SD,In-Person,8/25/2020,https://www.mtwp.net/reopen/,,
Marion Center Area SD,Blended,8/31/2020,https://www.mcasd.net/apps/pages/index.jsp?uREC_ID=1695488&type=d&pREC_ID=2009702,,
Marple Newtown SD,Remote,9/8/2020,https://www.mnsd.net/News/15233,,
Mars Area SD,In-Person,8/31/2020,https://www.marsk12.org/apps/pages/index.jsp?uREC_ID=1789632&type=d&pREC_ID=1963140&tota11y=true,,
McGuffey SD,Blended,8/27/2020,https://www.mcguffey.k12.pa.us/Downloads/Family Return to School Update.pdf,,
McKeesport Area SD,In-Person,9/2/2020,https://www.mckasd.net/,,
Mechanicsburg Area SD,Blended,9/8/2020,https://www.mbgsd.org/apps/news/article/1267259,,
Mercer Area SD,In-Person,8/25/2020,https://www.mercer.k12.pa.us/Page/3746,,
Methacton SD,Remote,9/8/2020,https://www.methacton.org/Page/537,,
Meyersdale Area SD,In-Person,9/1/2020,https://www.masd.net/cms/lib/PA01001122/Centricity/Domain/1/8-5-2020 MASD Phased School Reopening Plan.pdf,,
Mid Valley SD,Blended,9/8/2020,https://drive.google.com/open?id=14vKZYpEY2DvZO7mNuP7NDpwCQjRsSNb-&authuser=depotij%40mvsd.us&usp=drive_fs,,
Midd-West SD,In-Person,8/24/2020,https://www.mwsd.cc/article/281560?org=mwsdk,,
Middletown Area SD,Blended,8/31/2020,https://raiderweb.org/news/what_s_new/re-entry_center,,
Midland Borough SD,Blended,9/8/2020,https://www.midlandpa.org/,,
Mifflin County SD,In-Person,8/26/2020,https://www.mcsdk12.org/covid-19-and-school-return-to-school-planning/,,
Mifflinburg Area SD,Blended,9/8/2020,https://www.mifflinburg.org/,,
Millcreek Township SD,Blended,9/8/2020,https://www.mtsd.org/rts,,
Millersburg Area SD,In-Person,8/24/2020,https://www.mlbgsd.k12.pa.us/reopening,,
Millville Area SD,In-Person,8/31/2020,https://www.millville.k12.pa.us/Content2/784,,
Milton Area SD,In-Person,8/20/2020,https://www.milton.k12.pa.us/school-reopening/,,
Minersville Area SD,Blended,8/31/2020,https://www.battlinminers.com/,,
Mohawk Area SD,Blended,8/31/2020,https://www.mohawk.k12.pa.us/s/Mohawk-2020-2021.pdf,,
Monessen City SD,Remote,9/8/2020,https://www.monessenschooldistrict.com/,,
Moniteau SD,In-Person,9/8/2020,https://sites.google.com/moniteau.org/covid-19/covid-19,,
Montgomery Area SD,In-Person,8/31/2020,https://www.montasd.org/wp-content/uploads/2020/07/COVID19ReopeningLetter.pdf,,
Montour SD,Blended,9/1/2020,https://www.montourschools.com/apps/news/article/1238991,,
Montoursville Area SD,Blended,9/1/2020,https://www.montoursville.k12.pa.us/schools/montoursville-high-school/,,
Montrose Area SD,In-Person,9/8/2020,http://www.masd.info/,,
Moon Area SD,Remote,8/31/2020,https://www.moonarea.net/News/2020-21-virtual-learning-reopening-plan,,
Morrisville Borough SD,Remote,9/8/2020,https://www.mv.org/mv,,
Moshannon Valley SD,In-Person,8/26/2020,https://www.movalley.org/,,
Mount Carmel Area SD,In-Person,8/24/2020,https://www.mca.k12.pa.us/wp/,,
Mount Pleasant Area SD,In-Person,8/26/2020,https://4.files.edl.io/8ef2/07/23/20/183112-eeb717d2-bf76-4af6-a000-a87f456ea447.pdf,,
Mount Union Area SD,In-Person,8/26/2020,https://www.muasd.org/UserFiles/Servers/Server_3265386/File/Covid 19/MUASD update 8-19-20.pdf,,
Mountain View SD,Blended,8/27/2020,https://www.mvsd.net/,,
Mt Lebanon SD,Remote,8/31/2020,https://www.mtlsd.org/district/reopening-education-plan/reopening-education-plan,,
Muhlenberg SD,Remote,8/31/2020,https://www.muhlsdk12.org/Page/5741,,
Muncy SD,In-Person,8/31/2020,https://www.muncysd.org/,,
Nazareth Area SD,Blended,8/31/2020,https://www.nazarethasd.k12.pa.us/site/Default.aspx?PageID=1175,,
Neshaminy SD,Remote,Sep 8,https://www.neshaminy.org/reopen,,
Neshannock Township SD,Blended,9/8/2020,https://www.ntsd.org/2020/08/06/2020-reopening-plan/,,
New Brighton Area SD,Blended,8/31/2020,https://www.nbasd.org/coronavirus,,
New Castle Area SD,Remote,8/31/2020,https://filecabinet5.eschoolview.com/0D225C6C-171E-4CB5-90B1-1125271304B0/1e1459d9-8bef-4891-9b38-d49255b1582a.pdf,,
New Hope-Solebury SD,Remote,9/8/2020,https://www.nhsd.org/site/default.aspx?PageType=3&DomainID=4&ModuleInstanceID=2368&ViewID=6446EE88-D30C-497E-9316-3F8874B3E108&RenderLoc=0&FlexDataID=4030&PageID=1,,
New Kensington-Arnold SD,In-Person,9/8/2020,https://www.nkasd.com/apps/news/,,
Newport SD,Blended,8/25/2020,https://www.newportsd.org/,,
Norristown Area SD,Remote,8/31/2020,https://www.nasd.k12.pa.us/domain/596,,
North Allegheny SD,Blended,9/8/2020,https://www.northallegheny.org/Page/32441,,
North Clarion County SD,In-Person,8/26/2020,https://www.northclarion.org/,,
North East SD,In-Person,8/31/2020,https://www.nesd1.org/updates,,
North Hills SD,Remote,8/25/2020,https://www.nhsd.net/reopening.aspx,,
North Penn SD,Remote,8/31/2020,https://resources.npenn.org/20-21_virtual_opening,,
North Pocono SD,Blended,8/31/2020,http://www.npsd.org/images/stories/healthdocs/health_and_safety_plan.pdf,,
North Schuylkill SD,Blended,8/27/2020,http://www.northschuylkill.net/,,
North Star SD,In-Person,8/27/2020,https://www.nscougars.com/apps/pages/index.jsp?uREC_ID=1128527&type=d&pREC_ID=1399318,,
Northampton Area SD,Blended,8/31/2020,https://www.nasdschools.org/site/default.aspx?PageType=3&DomainID=8&ModuleInstanceID=2453&ViewID=6446EE88-D30C-497E-9316-3F8874B3E108&RenderLoc=0&FlexDataID=10243&PageID=9,,
Northeast Bradford SD,Blended,8/31/2020,https://www.nebpanthers.com/article/289832?org=nebsd,,
Northeastern York SD,In-Person,8/27/2020,https://www.nesd.k12.pa.us/site/default.aspx?PageType=3&DomainID=1&ModuleInstanceID=3436&ViewID=6446EE88-D30C-497E-9316-3F8874B3E108&RenderLoc=0&FlexDataID=10063&PageID=1,,
Northern Bedford County SD,Blended,9/14/2020,https://www.nbcsd.org/,,
Northern Cambria SD,Blended,9/8/2020,http://www.ncsd.k12.pa.us/,,
Northern Lebanon SD,Blended,8/31/2020,https://www.norleb.org/coronavisus-updates/re-opening-information,,
Northern Lehigh SD,Blended,8/31/2020,https://www.nlsd.org/home,,
Northern Potter SD,In-Person,8/26/2020,https://www.northernpottersd.org/,,
Northern Tioga SD,In-Person,8/26/2020,https://www.ntiogasd.org/wp-content/uploads/2020/07/Phased-School-Reopening-Health-and-Safety-Plan-Website.pdf,,
Northern York County SD,Blended,9/8/2020,https://www.northernpolarbears.com/Page/13994,,
Northgate SD,Remote,8/31/2020,https://www.northgatesd.net/departments/health-wellness/covid-19,,
Northwest Area SD,Blended,8/31/2020,https://www.nasdedu.com/,,
Northwestern Lehigh SD,Blended,8/31/2020,https://www.nwlehighsd.org/site/default.aspx?PageType=3&DomainID=8&ModuleInstanceID=11137&ViewID=6446EE88-D30C-497E-9316-3F8874B3E108&RenderLoc=0&FlexDataID=24494&PageID=9,,
Northwestern SD,Blended,8/25/2020,https://www.nwsd.org/,,
Norwin SD,Blended,8/31/2020,https://www.norwinsd.org/apps/pages/reopening,,
Octorara Area SD,Remote,9/8/2020,https://www.octorara.k12.pa.us/site/default.aspx?PageType=3&DomainID=4&ModuleInstanceID=13&ViewID=6446EE88-D30C-497E-9316-3F8874B3E108&RenderLoc=0&FlexDataID=3747&PageID=1,,
Oil City Area SD,Blended,9/1/2020,https://www.ocasd.org/wp-content/uploads/2020/07/oc-phased-reope_47915978-1.pdf,,
Old Forge SD,Blended,9/8/2020,https://ofsd.cc/corona-virus-information/plans/,,
Oley Valley SD,Blended,8/24/2020,https://www.oleyvalleysd.org/covid-19-4baaaf57,,
Oswayo Valley SD,In-Person,8/27/2020,http://oswayovalley.com/wordpress/,,
Otto-Eldred SD,In-Person,8/26/2020,https://www.ottoeldred.org/,,
Owen J Roberts SD,Remote,9/8/2020,https://www.ojrsd.com/domain/1696,,
Oxford Area SD,Blended,8/31/2020,https://www.oxfordasd.org/,,
Palisades SD,In-Person,9/1/2020,https://www.palisd.org/news/what_s_new/reopening_of_facilities_and_schools,,
Palmerton Area SD,Blended,9/8/2020,https://www.palmerton.org/return-to-school-information/,,
Palmyra Area SD,Blended,8/31/2020,https://www.palmyraportal.org/website/index.php,,
Panther Valley SD,In-Person,9/8/2020,http://pvsd.sharpschool.net/,,
Parkland SD,Blended,8/31/2020,https://www.parklandsd.org/schools/return-to-school,,
Pen Argyl Area SD,Blended,8/31/2020,https://www.penargylschooldistrict.org/penargyl/District/Coronavirus Resources and Communications/,,
Penn Cambria SD,Blended,9/8/2020,http://pcam.org/,,
Penn Hills SD,Blended,9/8/2020,https://www.phsd.k12.pa.us/,,
Penn Manor SD,Blended,8/31/2020,https://www.pennmanor.net/blog/2020/08/04/full-details-of-districts-blended-learning-reopening-plan/,,
Penn-Delco SD,Remote,9/8/2020,https://www.pdsd.org/domain/1557,,
Penn-Trafford SD,Blended,8/27/2020,https://www.penntrafford.org/,,
Penncrest SD,In-Person,9/2/2020,https://www.penncrest.org/departments/health-services/coronavirus-resources,,
Pennridge SD,Blended,9/2/2020,https://sites.google.com/a/pennridge.us/pennridge-school-district/,,
Penns Manor Area SD,In-Person,8/31/2020,https://www.pennsmanor.org/apps/pages/index.jsp?uREC_ID=1696935&type=d&pREC_ID=1858237,,
Penns Valley Area SD,In-Person,8/25/2020,https://www.pennsvalley.org/apps/pages/covid-19,,
Pennsbury SD,Remote,9/8/2020,https://sites.google.com/pennsburysd.org/covid19/information-from-the-superintendent,,
Pequea Valley SD,In-Person,8/25/2020,https://www.pequeavalley.org/site/default.aspx?PageType=3&DomainID=1&ModuleInstanceID=2975&ViewID=6446EE88-D30C-497E-9316-3F8874B3E108&RenderLoc=0&FlexDataID=8384&PageID=1,,
Perkiomen Valley SD,Remote,9/8/2020,http://www.pvsd.org/departments/health-services/coronavirus-covid-19/district-communications,,
Peters Township SD,In-Person,8/24/2020,https://www.ptsd.k12.pa.us/BacktoSchool2020.aspx,,
Philadelphia City SD,Remote,9/2/2020,https://www.philasd.org/coronavirus/schoolstart2020/,,
Philipsburg-Osceola Area SD,In-Person,8/26/2020,https://www.pomounties.org/,,
Phoenixville Area SD,Remote,8/24/2020,https://www.pasd.com/our_district/reopening_information,,
Pine Grove Area SD,Blended,8/27/2020,https://www.pgasd.com/site/Default.aspx?PageID=1185,,
Pine-Richland SD,Blended,9/1/2020,https://www.pinerichland.org/site/default.aspx?PageType=3&ModuleInstanceID=11235&ViewID=7b97f7ed-8e5e-4120-848f-a8b4987d588f&RenderLoc=0&FlexDataID=32960&PageID=8694,,
Pittsburgh SD,Remote,8/31/2020,https://www.pghschools.org/allin,,
Pittston Area SD,Blended,9/9/2020,https://www.pittstonarea.com/index.php,,
Pleasant Valley SD,Blended,8/31/2020,https://www.pvbears.org/domain/994,,
Plum Borough SD,Blended,9/2/2020,https://www.pbsd.net/2020-21Reopening.aspx,,
Pocono Mountain SD,Remote,8/31/2020,https://www.pmsd.org/,,
Port Allegany SD,In-Person,8/26/2020,https://www.pasdedu.org/news,,
Portage Area SD,Blended,9/8/2020,http://www.portageareasd.org/,,
Pottsgrove SD,Remote,8/31/2020,https://www.pgsd.org/Page/9699,,
Pottstown SD,Remote,8/24/2020,https://www.pottstownschools.org/ResponsibleReopening.aspx,,
Pottsville Area SD,Blended,8/31/2020,https://www.pottsville.k12.pa.us/,,
Punxsutawney Area SD,In-Person,8/27/2020,https://www.punxsy.k12.pa.us/apps/pages/index.jsp?uREC_ID=1695912&type=d&pREC_ID=1856851,,
Purchase Line SD,Blended,9/8/2020,https://www.plsd.k12.pa.us/apps/pages/index.jsp?uREC_ID=797172&type=d&pREC_ID=1851067,,
Quaker Valley SD,In-Person,9/8/2020,https://www.qvsd.org/apps/pages/coronavirus,,
Quakertown Community SD,Blended,9/14/2020,https://www.qcsd.org/cms/One.aspx?portalId=20016975&pageId=24262508,,
Radnor Township SD,Remote,9/8/2020,https://www.rtsd.org/Page/22757,,
Reading SD,Remote,9/8/2020,https://www.readingsd.org/backtoschool,,
Red Lion Area SD,In-Person,8/24/2020,https://www.rlasd.net/apps/pages/index.jsp?uREC_ID=448551&type=d&pREC_ID=2002494,,
Redbank Valley SD,In-Person,8/31/2020,http://www.redbankvalley.net/index.php/2020-2021-reopening-of-school-information.html,,
Reynolds SD,Remote,8/31/2020,https://www.reynolds.k12.pa.us/protected/ArticleView.aspx?iid=63AP30B&dasi=4G20I,,
Richland SD,In-Person,8/26/2020,http://www.portageareasd.org/,,
Ridgway Area SD,In-Person,9/8/2020,https://rasd.us/about/administration/letter-from-the-superintendent/?fbclid=IwAR19RVC0GROLqjQj028UdyJ1dlpXx-0lchpEKIpocBCliTD7FH5RhVtuNT4,,
Ridley SD,Remote,9/1/2020,https://www.ridleysd.org/news/2020-2021_back_to_school,,
Ringgold SD,In-Person,8/24/2020,https://www.ringgold.org/Page/626,,
Riverside Beaver County SD,In-Person,9/1/2020,https://www.riverside.k12.pa.us/,,
Riverside SD,Blended,9/9/2020,https://www.riversidesd.com/,,
Riverview SD,Remote,8/27/2020,https://www.rsd.k12.pa.us/protected/ArticleView.aspx?iid=63API2Y&dasi=4GAI2,,
Rochester Area SD,In-Person,8/27/2020,https://www.rasd.org/Page/1603,,
Rockwood Area SD,In-Person,9/1/2020,https://www.rockwoodschools.org/cms/lib/PA02218971/Centricity/ModuleInstance/9587/Rockwood Area School District Parent Guide to Reopening.pdf,,
Rose Tree Media SD,Remote,8/31/2020,https://www.rtmsd.org/Administration2/150,,
Saint Clair Area SD,In-Person,8/31/2020,http://www.saintclairsd.org/,,
Saint Marys Area SD,In-Person,8/31/2020,https://www.smasd.org/apps/news/article/1271282,,
Salisbury Township SD,Remote,9/8/2020,https://www.salisburysd.org/article/291140?org=salisbury,,
Salisbury-Elk Lick SD,In-Person,8/31/2020,https://www.selsd.com/cms/lib/PA01001549/Centricity/Domain/4/Health and Safety Plan.pdf,,
Saucon Valley SD,In-Person,8/24/2020,https://www.svpanthers.org/site/default.aspx?PageType=3&DomainID=4&ModuleInstanceID=38&ViewID=6446EE88-D30C-497E-9316-3F8874B3E108&RenderLoc=0&FlexDataID=7380&PageID=1,,
Sayre Area SD,In-Person,8/25/2020,https://www.sayresd.org/health-and-safety-plan/,,
Schuylkill Haven Area SD,Blended,8/31/2020,http://www.haven.k12.pa.us/,,
Schuylkill Valley SD,Remote,8/27/2020,https://www.schuylkillvalley.org/,,
Scranton SD,Remote,9/8/2020,https://www.scrsd.org/apps/pages/index.jsp?uREC_ID=1828329&type=d&pREC_ID=1985398,,
Selinsgrove Area SD,In-Person,8/19/2020,https://www.seal-pa.org/wp-content/uploads/2020/07/Plan-for-Reopening-Educational-Options-Update.pdf,,
Seneca Valley SD,Blended,9/2/2020,https://www.svsd.net/Page/26288,,
Shade-Central City SD,In-Person,9/1/2020,https://4.files.edl.io/6a08/08/13/20/131153-5e3eeda2-3d2d-4c3e-84b5-b53eeeea8047.pdf,,
Shaler Area SD,Remote,9/8/2020,https://www.sasd.k12.pa.us/BacktoSchool2020.aspx,,
Shamokin Area SD,In-Person,8/24/2020,https://www.indians.k12.pa.us/,,
Shanksville-Stonycreek SD,In-Person,9/1/2020,https://www.sssd.com/cms/lib/PA01001353/Centricity/Domain/1/SSSD_Phased_School_Reopening_Health_and_Safety_Plan_Summary-2020-07-14.pdf,,
Sharon City SD,Blended,8/26/2020,https://www.sharon.k12.pa.us/article/283382?org=sharon-city-school-district,,
Sharpsville Area SD,In-Person,9/8/2020,https://www.sharpsville.k12.pa.us/protected/ArticleView.aspx?iid=63A2B20&dasi=4G0BY,,
Shenandoah Valley SD,Blended,8/31/2020,https://svbluedevils.org/,,
Shenango Area SD,In-Person,8/25/2020,https://www.shenangoschools.org/2020-2021-school-year-information/return-to-school/,,
Shikellamy SD,In-Person,8/26/2020,https://shikbraves.org/blog/category/district-announcements/,,
Shippensburg Area SD,Blended,9/8/2020,http://www.shipk12.org/board-approved-health-safety-plan/,,
Slippery Rock Area SD,In-Person,8/26/2020,https://www.slipperyrock.k12.pa.us/apps/pages/index.jsp?uREC_ID=1781883&type=d&pREC_ID=1957996,,
Smethport Area SD,In-Person,8/26/2020,https://www.smethportschools.com/News,,
Solanco SD,In-Person,8/31/2020,http://www.solanco.k12.pa.us/?p=42640,,
Somerset Area SD,In-Person,9/1/2020,https://sasdpa-my.sharepoint.com/personal/jmaxwe_sasd_us/_layouts/15/onedrive.aspx?id=%2Fpersonal%2Fjmaxwe%5Fsasd%5Fus%2FDocuments%2FSASD%20COVID%2D19%20Health%20and%20Safety%20Plan%5F70820%20PDF%2Epdf&parent=%2Fpersonal%2Fjmaxwe%5Fsasd%5Fus%2FDocuments&originalPath=aHR0cHM6Ly9zYXNkcGEtbXkuc2hhcmVwb2ludC5jb20vOmI6L2cvcGVyc29uYWwvam1heHdlX3Nhc2RfdXMvRVFzQjdja0xrVVZObTFMOFZnazk1enNCaWp4YU5TaEloRFliQUFxWFZZMWNJZz9ydGltZT1rNkhUclhGSjJFZw,,
Souderton Area SD,Blended,9/8/2020,https://www.soudertonsd.org/district/2020-2021-school-year,,
South Allegheny SD,Remote,8/24/2020,https://www.southallegheny.org/site/default.aspx?PageType=3&DomainID=8&ModuleInstanceID=5694&ViewID=6446EE88-D30C-497E-9316-3F8874B3E108&RenderLoc=0&FlexDataID=13123&PageID=9,,
South Butler County SD,Blended,8/31/2020,https://www.southbutler.org/,,
South Eastern SD,In-Person,8/31/2020,http://www.sesdweb.net/UserFiles/Servers/Server_142286/File/SESD Reopening Plan (4).pdf,,
South Fayette Township SD,In-Person,9/2/2020,https://www.southfayette.org/COVID-19Updates.aspx,,
South Middleton SD,Blended,9/8/2020,http://smsd.us/welcome/back_to_school_20-21,,
South Park SD,Blended,8/31/2020,http://sparksd.org/reopening___planning,,
South Side Area SD,In-Person,9/1/2020,https://www.sssd.k12.pa.us/,,
South Western SD,Blended,8/24/2020,https://www.swsd.k12.pa.us/UserFiles/Servers/Server_28788666/File/COVID-19/2020-21 School Reopening Instructional Options July 23 2020.pdf,,
South Williamsport Area SD,Blended,9/2/2020,https://www.swasd.org/responding-to-covid-19/,,
Southeast Delco SD,Remote,9/8/2020,https://www.sedelco.org/,,
Southeastern Greene SD,Blended,8/27/2020,https://www.segsd.org/article/279849,,
Southern Columbia Area SD,In-Person,8/25/2020,http://www.scasd.us/district/scasd-covid-19-update-page,,
Southern Fulton SD,In-Person,8/19/2020,https://www.sfsd.k12.pa.us/DistrictnewsArticles.aspx,,
Southern Huntingdon County SD,Blended,8/26/2020,https://www.shcsd.org/apps/news/,,
Southern Lehigh SD,Blended,8/31/2020,https://www.slsd.org/domain/1307,,
Southern Tioga SD,Blended,8/26/2020,https://drive.google.com/file/d/18WIj4exZ0dB3DOAlbJHIsfbk-6qJFfSN/view,,
Southern York County SD,Blended,8/21/2020,https://www.sycsd.org/domain/423,,
Southmoreland SD,Blended,9/8/2020,https://pa01000599.schoolwires.net/cms/lib/PA01000599/Centricity/Domain/557/Instructional Fact Sheet.pdf,,
Spring Cove SD,In-Person,8/25/2020,https://www.springcovesd.org/apps/pages/index.jsp?uREC_ID=1198676&type=d&pREC_ID=1976322,,
Spring Grove Area SD,In-Person,8/24/2020,https://www.sgasd.org/domain/940,,
Spring-Ford Area SD,Remote,9/8/2020,https://www.spring-ford.net/about-spring-ford/reopening-plan,,
Springfield SD,Remote,9/8/2020,https://www.ssdcougars.org/district/district-news/news-post/~post/ssd-virtual-learning-plan-20200818,,
Springfield Township SD,Remote,9/8/2020,https://docs.google.com/presentation/d/e/2PACX-1vS4ZR-FdbA9Ai_PcEO4K1zv6Kde2WAK354AtK-mMsIRIEY6d_3c7q-ZHPkPesbDPe908lL8lwWCP5m-/pub?start=false&loop=false&delayms=10000,,
State College Area SD,Blended,8/26/2020,https://www.scasd.org/covid19,,
Steel Valley SD,Blended,9/8/2020,https://www.steelvalleysd.org/parents-students,,
Steelton-Highspire SD,Remote,8/31/2020,https://www.shsd.k12.pa.us/site/default.aspx?PageType=3&DomainID=222&ModuleInstanceID=4404&ViewID=6446EE88-D30C-497E-9316-3F8874B3E108&RenderLoc=0&FlexDataID=5367&PageID=1592,,
Sto-Rox SD,Remote,8/27/2020,https://www.srsd.k12.pa.us/,,
Stroudsburg Area SD,Blended,9/8/2020,https://www.sburg.org/apps/news/show_news.jsp?REC_ID=659229&id=0,,
Sullivan County SD,In-Person,8/20/2020,https://www.sulcosd.k12.pa.us/,,
Susquehanna Community SD,In-Person,8/31/2020,http://www.scschools.org/media/100961/scsd-school-reopening-health-and-safety-plan.pdf,,
Susquehanna Township SD,In-Person,9/8/2020,https://www.hannasd.org/site/default.aspx?PageType=3&DomainID=4&ModuleInstanceID=2803&ViewID=6446EE88-D30C-497E-9316-3F8874B3E108&RenderLoc=0&FlexDataID=31198&PageID=1,,
Susquenita SD,Blended,8/31/2020,https://www.susq.k12.pa.us/,,
Tamaqua Area SD,In-Person,8/26/2020,https://www.tamaqua.k12.pa.us/site/default.aspx?PageType=14&DomainID=1&PageID=1&ModuleInstanceID=721&ViewID=606008db-225b-4ad2-8f7b-9ebac54372c1&IsMoreExpandedView=True,,
Titusville Area SD,Blended,9/1/2020,https://gorockets.org/,,
Towanda Area SD,In-Person,8/31/2020,https://www.tsd.k12.pa.us/apps/pages/index.jsp?uREC_ID=1715910&type=d&pREC_ID=1982629,,
Tredyffrin-Easttown SD,Remote,9/8/2020,https://www.tesd.net/Page/16600,,
Tri-Valley SD,Blended,8/24/2020,https://sites.google.com/a/tvdawgs.net/district01/,,
Trinity Area SD,Blended,9/8/2020,https://www.trinitypride.org/userfiles/2/My Files/Revised Start of School 2020-2021.pdf?id=3651,,
Troy Area SD,In-Person,8/27/2020,https://www.troyareasd.org/protected/ArticleView.aspx?iid=402AY&dasi=222,,
Tulpehocken Area SD,Blended,9/8/2020,https://www.tulpehocken.org/,,
Tunkhannock Area SD,Blended,9/9/2020,https://www.tasd.net/files/8815/9561/8919/Tunkhannnock_Area_School_District_Phased_School_Reopening_Health_and_Safety_Plan.pdf,,
Turkeyfoot Valley Area SD,In-Person,9/1/2020,http://turketfoot.ss11.sharpschool.com/UserFiles/Servers/Server_637113/File/APPROVED - School Re-opening Plan TVASD (upload for website).pdf,,
Tuscarora SD,Blended,8/31/2020,https://www.tus.k12.pa.us/apps/news/,,
Tussey Mountain SD,In-Person,8/24/2020,https://www.tmsd.net/,,
Twin Valley SD,Blended,8/25/2020,https://www.tvsd.org/cms/one.aspx?portalId=105548&pageId=43610450,,
Tyrone Area SD,Blended,8/25/2020,https://www.tyrone.k12.pa.us/domain/388,,
Union Area SD,Remote,9/8/2020,https://www.unionareasd.org/2020/08/back-to-school-information/,,
Union City Area SD,In-Person,8/25/2020,http://www.ucasd.org/COVID-19Information.aspx,,
Union SD,In-Person,8/26/2020,https://www.unionsd.net/covid-related-information.html,,
Uniontown Area SD,Remote,9/8/2020,http://uasdraiders.org/wp-content/uploads/2020/08/UASD-Reopening-Letter-8_12_20.pdf,,
Unionville-Chadds Ford SD,Remote,9/8/2020,https://www.ucfsd.org/health-and-safety-plan,,
United SD,In-Person,8/26/2020,https://www.unitedsd.net/apps/pages/index.jsp?uREC_ID=1697915&type=d&pREC_ID=1859176,,
Upper Adams SD,Blended,8/19/2020,https://www.lasd.k12.pa.us/updates/2020-2021-sy,,
Upper Darby SD,Remote,8/31/2020,https://pa02209738.schoolwires.net/Page/7413,,
Upper Dauphin Area SD,In-Person,8/24/2020,https://udasd.org/school-reopening-information/,,
Upper Dublin SD,Remote,9/8/2020,https://www.udsd.org/,,
Upper Merion Area SD,Remote,8/31/2020,https://www.umasd.org/Page/11466,,
Upper Moreland Township SD,Remote,8/31/2020,https://www.umtsd.org/site/default.aspx?PageType=3&DomainID=1&ModuleInstanceID=861&ViewID=6446EE88-D30C-497E-9316-3F8874B3E108&RenderLoc=0&FlexDataID=13823&PageID=1,,
Upper Perkiomen SD,Remote,8/31/2020,https://www.upsd.org/,,
Upper Saint Clair SD,Blended,9/8/2020,https://www.uscsd.k12.pa.us/domain/1000,,
Valley Grove SD,Blended,9/1/2020,https://www.vgsd.org/Page/1248,,
Valley View SD,Remote,8/26/2020,https://www.valleyviewsd.org/,,
Wallenpaupack Area SD,In-Person,9/8/2020,http://www.wallenpaupack.org/stuff/reopening/WASD_2020-2021_Health_and_Safety_Plan.pdf,,
Wallingford-Swarthmore SD,Remote,8/31/2020,https://www.wssd.org/Domain/955,,
Warren County SD,In-Person,9/1/2020,https://www.wcsdpa.org/cms/lib/PA02203612/Centricity/Domain/8/WCSD - Health and Safety Plan rev2 7.16.20.pdf,,
Warrior Run SD,In-Person,8/20/2020,https://drive.google.com/file/d/1kcHilTecvhbcRcc75bSNLD6dczdmyImn/view?usp=sharing,,
Warwick SD,In-Person,9/1/2020,https://sites.google.com/warwicksd.org/covid-19-news-center/home,,
Washington SD,Blended,9/8/2020,https://www.washington.k12.pa.us/docs/school 20-21/Washington School District Phased School Reopening .pdf,,
Wattsburg Area SD,Blended,9/8/2020,https://filecabinet1.eschoolview.com/EB055DF8-1F2E-4D35-B6B6-283E628BB5A1/SummaryWASDRe_EntryPlan_FInal.pdf,,
Wayne Highlands SD,In-Person,9/8/2020,https://www.whsdk12.com/download_file/view/801/1,,
Waynesboro Area SD,Blended,8/31/2020,https://www.wasd.k12.pa.us/article/278309?org=wasdpa,,
Weatherly Area SD,Remote,8/31/2020,http://www.weatherlysd.org/,,
Wellsboro Area SD,In-Person,8/31/2020,https://www.wellsborosd.org/wp-content/uploads/2020/07/Revised-WASD-Phased-School-Reopening-Health-and-Safety-Plan-revised_-002-REVISED-7.13.20.pdf,,
West Allegheny SD,In-Person,8/25/2020,http://www.westasd.org/Downloads/Phased School Reopening Health and Safety Plan 7-22-20.pdf,,
West Branch Area SD,Blended,8/27/2020,https://www.westbranch.org/,,
West Chester Area SD,Remote,8/31/2020,https://www.wcasd.net/cms/lib/PA02203541/Centricity/Domain/6199/Phased School Reopening Health and Safety Plan.pdf,,
West Greene SD,In-Person,8/27/2020,https://drive.google.com/file/d/10bNXd90cdr4Oxwvo2izba3fTWAyxOaek/view,,
West Jefferson Hills SD,Blended,8/24/2020,https://www.wjhsd.net/Downloads/WJHSD Phased School Reopening Health and Safety Plan.pdf,,
West Middlesex Area SD,In-Person,8/31/2020,https://drive.google.com/drive/folders/1bJN9uM-08w7qriwQ8He9CttDI3uM3g_U,,
West Mifflin Area SD,In-Person,8/26/2020,http://wmasd.org/common/pages/UserFile.aspx?fileId=13428568,,
West Perry SD,Blended,8/24/2020,http://www.westperry.org/news/covid-19,,
West Shore SD,Remote,8/25/2020,https://www.wssd.k12.pa.us/Downloads/DRAFT-HeathSafetyPlan-08-2020.pdf,,
West York Area SD,Blended,8/24/2020,https://233b8623-6bc4-4fc2-b6e3-40dcbeca2827.filesusr.com/ugd/13e090_c3ce919622e14265ac3c682e2cb5fe41.pdf,,
Western Beaver County SD,In-Person,9/8/2020,https://www.westernbeaver.org/o/wbsd/page/phased-school-reopening-health-and-safety-plan-wbcsd,,
Western Wayne SD,In-Person,9/8/2020,https://ww3.westernwayne.org/download/279/reopening/16165/health-and-safety-plan-template-draft-july-29-2020.pdf,,
Westmont Hilltop SD,Blended,8/26/2020,https://www.whsd.org/apps/news/article/1257281,,
Whitehall-Coplay SD,Blended,8/31/2020,https://www.whitehallcoplay.org/,,
Wilkes-Barre Area SD,In-Person,9/10/2020,https://www.wbasd.k12.pa.us/Default.aspx,,
Wilkinsburg Borough SD,Remote,8/31/2020,https://www.wilkinsburgschools.org/please-take-some-time-to-download-and-read-our-educationally-strong-virtual-and-online-learning-plan-for-the-wilkinsburg-school-district-which-will-commence-on-august-31-2020/,,
William Penn SD,Remote,9/14/2020,https://www.williampennsd.org/reopening2020,,
Williams Valley SD,Blended,8/31/2020,https://www.wvschools.net/wvsd/,,
Williamsburg Community SD,Blended,8/24/2020,https://www.williamsburg.k12.pa.us/,,
Williamsport Area SD,Blended,9/1/2020,https://www.swasd.org/responding-to-covid-19/,,
Wilmington Area SD,Blended,9/1/2020,https://www.wilmington.k12.pa.us/,,
Wilson Area SD,Blended,8/31/2020,http://www.wilsonareasd.org/,,
Wilson SD,Blended,8/26/2020,http://www.google.com/url?q=http%3A%2F%2Fwww.wilsonsd.org%2Fwp-content%2Fuploads%2F2020%2F07%2F7_20_20WSD-FINAL-Phased-School-Reopening-Health-and-Safety-Plan-1.pdf&sa=D&sntz=1&usg=AFQjCNF_FfXB7GeDjTUJCD129HyvbBKOAw,,
Windber Area SD,In-Person,8/26/2020,https://www.windberschools.org/apps/pages/index.jsp?uREC_ID=1695332&type=d&pREC_ID=1966939,,
Wissahickon SD,Blended,8/31/2020,https://www.wsdweb.org/covid-19/fall-re-opening-plan,,
Woodland Hills SD,Remote,8/24/2020,https://www.whsd.net/docs/district/reopening plan/summary.pdf?id=205215,,
Wyalusing Area SD,In-Person,8/26/2020,https://www.wyalusingrams.com/school-community/school-safety/district-reopening-guidelines,,
Wyoming Area SD,Blended,9/8/2020,http://images.pcmac.org/Uploads/WyomingArea/WyomingArea/Divisions/DocumentsCategories/Documents/2020 July Health and Safety Plan_%7BSIS565BB441F765%7D.pdf,,
Wyoming Valley West SD,Remote,9/8/2020,https://www.wvwsd.org/,,
Wyomissing Area SD,Blended,8/31/2020,https://www.wyoarea.org/UserFiles/Servers/Server_157550/File/Our District/COVID-19/Health and Safety Plan FINAL inc Summary 8.3.2020.pdf,,
York City SD,Remote,8/31/2020,https://www.ycs.k12.pa.us/blog/all-k-12-virtual-learning/,,
York Suburban SD,Blended,8/19/2020,https://drive.google.com/file/d/16XuWmFn6RzXAn2tfyF0MHj_QFyrMKbII/preview,,
Yough SD,In-Person,8/31/2020,https://echalk-slate-prod.s3.amazonaws.com/private/districts/432/resources/2420d2fa-4346-42c1-862f-ba787bb6eb73?AWSAccessKeyId=AKIAJSZKIBPXGFLSZTYQ&Expires=1912686974&response-cache-control=private%2C%20max-age%3D31536000&response-content-disposition=%3Bfilename%3D%22Yough%2520School%2520District%2520Reopening%2520Health%2520and%2520Safety%2520Plan.pdf%22&response-content-type=application%2Fpdf&Signature=FniALuEVFiAlUCIu%2B26Nx6s4TYI%3D,,
,,,,,
,,,,,
,,,,,
,,,,,
,,,,,
,,,,,
,,,,,
,,,,,
,,,,,
,,,,,
,,,,,
,,,,,
,,,,,
,,,,,
,,,,,
,,,,,
,,,,,
,,,,,
,,,,,
,,,,,
,,,,,
,,,,,
,,,,,
,,,,,
,,,,,
,,,,,
,,,,,
,,,,,
,,,,,
,,,,,
,,,,,
,,,,,
,,,,,
,,,,,
,,,,,
,,,,,
,,,,,
,,,,,
,,,,,
,,,,,
,,,,,
,,,,,
,,,,,
,,,,,
,,,,,
,,,,,
,,,,,
,,,,,
,,,,,
,,,,,
,,,,,
,,,,,
,,,,,
,,,,,
,,,,,
,,,,,
,,,,,
,,,,,
,,,,,
,,,,,
,,,,,
,,,,,
,,,,,
,,,,,
,,,,,
,,,,,
,,,,,
,,,,,
,,,,,
,,,,,
,,,,,
,,,,,
,,,,,
,,,,,
,,,,,
,,,,,
,,,,,
,,,,,
,,,,,
,,,,,
,,,,,
,,,,,
,,,,,
,,,,,
,,,,,
,,,,,
,,,,,
,,,,,
,,,,,
,,,,,
,,,,,
,,,,,
,,,,,
,,,,,
,,,,,
,,,,,
,,,,,
,,,,,
,,,,,
,,,,,
,,,,,
,,,,,
,,,,,
,,,,,
,,,,,
,,,,,
,,,,,
,,,,,
,,,,,
,,,,,
,,,,,
,,,,,
,,,,,
,,,,,
,,,,,
,,,,,
,,,,,
,,,,,
,,,,,
,,,,,
,,,,,
,,,,,
,,,,,
,,,,,
,,,,,
,,,,,
,,,,,
,,,,,
,,,,,
,,,,,
,,,,,
,,,,,
,,,,,
,,,,,
,,,,,
,,,,,
,,,,,
,,,,,
,,,,,
,,,,,
,,,,,
,,,,,
,,,,,
,,,,,
,,,,,
,,,,,
,,,,,
,,,,,
,,,,,
,,,,,
,,,,,
,,,,,
,,,,,
,,,,,
,,,,,
,,,,,
,,,,,
,,,,,
,,,,,
,,,,,
,,,,,
,,,,,
,,,,,
,,,,,
,,,,,
,,,,,
,,,,,
,,,,,
,,,,,
,,,,,
,,,,,
,,,,,
,,,,,
,,,,,
,,,,,
,,,,,
,,,,,
,,,,,
,,,,,
,,,,,
,,,,,
,,,,,
,,,,,
,,,,,
,,,,,
,,,,,
,,,,,
,,,,,
,,,,,
,,,,,
,,,,,
,,,,,
,,,,,
,,,,,
,,,,,
,,,,,
,,,,,
,,,,,
,,,,,
,,,,,
,,,,,
,,,,,
,,,,,
,,,,,
,,,,,
,,,,,
,,,,,
,,,,,
,,,,,
,,,,,
,,,,,
,,,,,
,,,,,
,,,,,
,,,,,
,,,,,
,,,,,
,,,,,
,,,,,
,,,,,
,,,,,
,,,,,
,,,,,
,,,,,
,,,,,
,,,,,
,,,,,
,,,,,
,,,,,
,,,,,
,,,,,
,,,,,
,,,,,
,,,,,
,,,,,
,,,,,
,,,,,
,,,,,
,,,,,
,,,,,
,,,,,
,,,,,
,,,,,
,,,,,
,,,,,
,,,,,
,,,,,
,,,,,
,,,,,
,,,,,
,,,,,
,,,,,
,,,,,
,,,,,
,,,,,
,,,,,
,,,,,
,,,,,
,,,,,
,,,,,
,,,,,
,,,,,
,,,,,
,,,,,
,,,,,
,,,,,
,,,,,
,,,,,
,,,,,
,,,,,
,,,,,
,,,,,
,,,,,
,,,,,
,,,,,
,,,,,
,,,,,
,,,,,
,,,,,
,,,,,
,,,,,
,,,,,
,,,,,
,,,,,
,,,,,
,,,,,
,,,,,
,,,,,
,,,,,
,,,,,
,,,,,
,,,,,
,,,,,
,,,,,
,,,,,
,,,,,
,,,,,
,,,,,
,,,,,
,,,,,
,,,,,
,,,,,
,,,,,
,,,,,
,,,,,
,,,,,
,,,,,
,,,,,
,,,,,
,,,,,
,,,,,
,,,,,
,,,,,
,,,,,
,,,,,
,,,,,
,,,,,
,,,,,
,,,,,
,,,,,
,,,,,
,,,,,
,,,,,
,,,,,
,,,,,
,,,,,
,,,,,
,,,,,
,,,,,
,,,,,
,,,,,
,,,,,
,,,,,
,,,,,
,,,,,
,,,,,
,,,,,
,,,,,
,,,,,
,,,,,
,,,,,
,,,,,
,,,,,
,,,,,
,,,,,
,,,,,
,,,,,
,,,,,
,,,,,
,,,,,
,,,,,
,,,,,
,,,,,
,,,,,
,,,,,
,,,,,
,,,,,
,,,,,
,,,,,
,,,,,
,,,,,
,,,,,
,,,,,
,,,,,
,,,,,
,,,,,
,,,,,
,,,,,
,,,,,
,,,,,
,,,,,
,,,,,
,,,,,
,,,,,
,,,,,
,,,,,
,,,,,
,,,,,
,,,,,
,,,,,
,,,,,
,,,,,
,,,,,
,,,,,
,,,,,
,,,,,
,,,,,
,,,,,
,,,,,
,,,,,
,,,,,
,,,,,
,,,,,
,,,,,
,,,,,
,,,,,
,,,,,
,,,,,
,,,,,
,,,,,
,,,,,
,,,,,
,,,,,
,,,,,
,,,,,
,,,,,
,,,,,
,,,,,
,,,,,
,,,,,
,,,,,
,,,,,
,,,,,
,,,,,
,,,,,
,,,,,
,,,,,
,,,,,
,,,,,
,,,,,
,,,,,
,,,,,
,,,,,
,,,,,
,,,,,
,,,,,
,,,,,
,,,,,
,,,,,
,,,,,
,,,,,
,,,,,
,,,,,
,,,,,
,,,,,
,,,,,
,,,,,
,,,,,
,,,,,
,,,,,
,,,,,
,,,,,
,,,,,
,,,,,
,,,,,
,,,,,
,,,,,
,,,,,
,,,,,
,,,,,
,,,,,
,,,,,
,,,,,
,,,,,
,,,,,
,,,,,
,,,,,
,,,,,
,,,,,
,,,,,
,,,,,
,,,,,
,,,,,
,,,,,
,,,,,
,,,,,
,,,,,
,,,,,
,,,,,
,,,,,
,,,,,
,,,,,
,,,,,
,,,,,
,,,,,
,,,,,
,,,,,
,,,,,
,,,,,
,,,,,
,,,,,
,,,,,
,,,,,
,,,,,
,,,,,
,,,,,
,,,,,
,,,,,
,,,,,
,,,,,
,,,,,
,,,,,
,,,,,
,,,,,
,,,,,
,,,,,
,,,,,
,,,,,
,,,,,
